Product,Brand,Quantity,Store,Country,URL
Pain céréales et graines,,,,France,https://world.openfoodfacts.org/product/3564706745605/pain-cereales-et-graines
Légumes du soleil et ricotta,Céréal Bio,,,France,https://world.openfoodfacts.org/product/3175681290556/legumes-du-soleil-et-ricotta-cereal-bio
Pain mais tournesol prec/300g,"Intermarché, Trad p&c",300 g,INTERMARCHE FRANCE,France,https://world.openfoodfacts.org/product/3250393047367/pain-au-mais-et-graines-de-tournesol-intermarche
100% mie brioche te,Harrys,430 g,,France,https://world.openfoodfacts.org/product/3228857002320/tranche-epaisse-harrys-brioche
100% mie seigle te,"Harris, Harrys",285 g,,France,https://world.openfoodfacts.org/product/3228857001989/100-mie-seigle-harris
Cereals bars,Décathlon,6 x 21 g,,France,https://world.openfoodfacts.org/product/3608390890125/barres-de-cereales-fruits-rouges-decathlon
4 brioch'burger,La fournée dorée,,,France,https://world.openfoodfacts.org/product/3587220004157/4-brioch-burger-la-fournee-doree
Crousti avoine,Bonneterre,50 g,,France,https://world.openfoodfacts.org/product/3396411248986/crousti-avoine-bonneterre
Biscottes,Leader Price,,,France,https://world.openfoodfacts.org/product/3263852510166/biscottes-leader-price
Decathlon milk chocolate cereal bar - Decathlon,,,,France,https://world.openfoodfacts.org/product/3608390890958/decathlon-milk-chocolate-cereal-bar-decathlon
Paillasson de pommes de terre oignons emmental,Ecomiam,400g,écomiam,France,https://world.openfoodfacts.org/product/3492500069262/paillasson-de-pommes-de-terre-oignons-emmental-ecomiam
Flûtes semi-complètes,"Jardin bio, Jardin biologique",400 g,,France,https://world.openfoodfacts.org/product/3456300015386/flutes-semi-completes-jardin-bio
Maïs sans sucre ajoutés,Bonduelle,,,France,https://world.openfoodfacts.org/product/3083681136579/mais-sans-sucre-ajoutes-bonduelle
Polenta Express Fine,Alpina,500g,,France,https://world.openfoodfacts.org/product/3252970011815/polenta-express-fine-alpina
Cereal bars,Decathlon,,,France,https://world.openfoodfacts.org/product/3608390890026/cereal-bars-decathlon
Galette qui la et boulgour    à la tomate,Céréal  Bio,,,France,https://world.openfoodfacts.org/product/3175681088177/galette-qui-la-et-boulgour-a-la-tomate-cereal-bio
Tourte de seigle bio,Casino,,,France,https://world.openfoodfacts.org/product/3222477719583/tourte-de-seigle-bio-casino
Sushi rice,Kelly Loves,,,France,https://world.openfoodfacts.org/product/3760299918758/sushi-rice-kelly-loves
Riz Jasmin,Todei,250 ge,,France,https://world.openfoodfacts.org/product/3770014043474/riz-bio-au-jasmin-todei
Biscottes,Girard,225 g,,France,https://world.openfoodfacts.org/product/3107468801594/biscottes-girard
Pain craquant norvégien seigle et son d’épeautre,Sigdal,,,France,https://world.openfoodfacts.org/product/36710355/pain-craquant-norvegien-seigle-et-son-d-epeautre-sigdal
Gressini bio Romarin,Kom&Sal,,,France,https://world.openfoodfacts.org/product/3770016266499/gressini-bio-romarin-kom-sal
Pain des Bastides,Europe des Pains,300 g,,France,https://world.openfoodfacts.org/product/3605580020614/pain-des-bastides-europe-des-pains
Pad thaï aux crevettes,sushi gourmet auchan,325g,Auchan,France,https://world.openfoodfacts.org/product/3701292633101/pad-thai-aux-crevettes-sushi-gourmet-auchan
Mais,Bonduelle,150 g,,France,https://world.openfoodfacts.org/product/3083681127379/mais-bonduelle
Muesli croquant nature,,,,France,https://world.openfoodfacts.org/product/3770015402102/muesli-croquant-nature
Cookies Cacao Pépites Sans Sucres,Gerblé,"130 g, 12 biscuits",,France,https://world.openfoodfacts.org/product/3484639115439/cookies-cacao-pepites-sans-sucres-gerble
Céréal Hazelnut-Apple,Céréal,,,France,https://world.openfoodfacts.org/product/3175681295469/cereal-hazelnut-apple
Cereal bars Caramel - Decathlon,,,,France,https://world.openfoodfacts.org/product/3608390891795/cereal-bars-caramel-decathlon
Escagaro pâtes alimentaires,Domaine de périès,500 g,,France,https://world.openfoodfacts.org/product/3770003264101/escagaro-pates-alimentaires-domaine-de-peries
Baguette graines précuite 260g CC,Biocoop,260 g,"Biocoop, L'Éléfàn",France,https://world.openfoodfacts.org/product/3760121213716/baguette-multigraines-biocoop
Boulgour,Toupargel,,Toupargel,France,https://world.openfoodfacts.org/product/3111952035228/boulgour-toupargel
Galette de riz chocolat noir,Bio Village,,,France,https://world.openfoodfacts.org/product/3564707768368/galette-de-riz-chocolat-noir-bio-village
Super granola,110 graines,,,France,https://world.openfoodfacts.org/product/3770012915193/super-granola-110-graines
Quinotto potimarron et châtaigne,Jardin. Bio,,,France,https://world.openfoodfacts.org/product/3456300018912/quinotto-potimarron-et-chataigne-jardin-bio
Nouille,Cora,,Cora,France,https://world.openfoodfacts.org/product/3760190933072/nouille-cora
Coquillettes blé complet,Juste bio,,,France,https://world.openfoodfacts.org/product/3700146212707/coquillettes-ble-complet-juste-bio
Boulgour de blé à la tunisienne,Céréal bio,,,France,https://world.openfoodfacts.org/product/3175681072817/boulgour-de-ble-a-la-tunisienne-cereal-bio
Petits pains complets à l'épeautre,Krisprolls,,,France,https://world.openfoodfacts.org/product/3317014031607/petits-pains-complets-a-l-epeautre-krisprolls
Basis mieli Cereal mix,Crownfield,,,France,https://world.openfoodfacts.org/product/3050389238386/basis-mieli-cereal-mix-crownfield
Les tartines craquantes sarrasin,Céréal bio,,,France,https://world.openfoodfacts.org/product/3135661037854/les-tartines-craquantes-sarrasin-cereal-bio
Cacao cereal,,,,France,https://world.openfoodfacts.org/product/3075681113650/cacao-cereal
Pan  de cereals y semillas,Oroweat,,,France,https://world.openfoodfacts.org/product/3633600027503/pan-de-cereals-y-semillas-oroweat
Escalopes gourmandes blé & soja,Céréal bio,,,France,https://world.openfoodfacts.org/product/3235681279989/escalopes-gourmandes-ble-soja-cereal-bio
"Aubergine, orge, soja",Cereal bio,,,France,https://world.openfoodfacts.org/product/3435681054283/aubergine-orge-soja-cereal-bio
Falafels,Cereal Bio,,,France,https://world.openfoodfacts.org/product/3175621849547/falafels-cereal-bio
Sweet corn,Green giant,,,France,https://world.openfoodfacts.org/product/3254474026029/sweet-corn-green-giant
Tartines craquantes multi céréales,Cereal bio,,,France,https://world.openfoodfacts.org/product/3535684478885/tartines-craquantes-multi-cereales-cereal-bio
Façon tajine marocain,Céréal bio,,,France,https://world.openfoodfacts.org/product/3175681038776/facon-tajine-marocain-cereal-bio
Galette de sarrasin et comté BIO,Céréal BIO,,,France,https://world.openfoodfacts.org/product/3639011033768/galette-de-sarrasin-et-comte-bio-cereal-bio
Cereal miel,Cerealspace,,,France,https://world.openfoodfacts.org/product/0377440447024/cereal-miel-cerealspace
Paleo cereal,,,,France,https://world.openfoodfacts.org/product/3425248011927/paleo-cereal
Financier alle mandorle senza zucchero,Céréal,,,France,https://world.openfoodfacts.org/product/3175681290990/financier-alle-mandorle-senza-zucchero-cereal
Tartines craquantes sarrasin,Cereal bio,,,France,https://world.openfoodfacts.org/product/3738836867746/tartines-craquantes-sarrasin-cereal-bio
Tofu aux herbes,Cereal,,,France,https://world.openfoodfacts.org/product/3659011033933/tofu-aux-herbes-cereal
Pita Brottasche,,250g,REWE,Germany,https://world.openfoodfacts.org/product/4337256633178/pita-brottasche
Small leaf oat flaked,Golden Bridge,500g,,Germany,https://world.openfoodfacts.org/product/4061462266935/small-leaf-oat-flaked-golden-bridge
Premium Müsli,Golden Bridge,500 g,,Germany,https://world.openfoodfacts.org/product/4061464835658/premium-musli-golden-bridge
Schoko Müsli,Golden Bridge,,,Germany,https://world.openfoodfacts.org/product/4061464833821/schoko-musli-golden-bridge
Linguine,Combino,500g,,Germany,https://world.openfoodfacts.org/product/4056489822523/linguine-combino
Milk buns,Tastino,,,Germany,https://world.openfoodfacts.org/product/4056489120155/milk-buns-tastino
Fruit rounds,Millville,,Aldi,Germany,https://world.openfoodfacts.org/product/4061462408076/fruit-rounds-millville
High protein,Mestemacher,,,Germany,https://world.openfoodfacts.org/product/4000446061371/high-protein-mestemacher
Haferkraft zero Apfel,Corny,140g (4 Riegel á 35g),,Germany,https://world.openfoodfacts.org/product/4011800525415/haferkraft-zero-apple-corny
Baguettes chef select,Lidl,,Lidl,Germany,https://world.openfoodfacts.org/product/4056489447559/baguettes-chef-select-lidl
Weizenbrötchen,Brotland,,,Germany,https://world.openfoodfacts.org/product/4071800054735/weizenbrotchen-brotland
Apfel Johannisbeere Getreideriegel,Babydream,,,Germany,https://world.openfoodfacts.org/product/4305615968971/apfel-johannisbeere-getreideriegel-babydream
Kräuterbaguette,Chef select,,Lidl,Germany,https://world.openfoodfacts.org/product/4056489816515/krauterbaguette-chef-select
Sprouted 7 gram bread,simply nature,"1 loaf, 20.5 ounces",,Germany,https://world.openfoodfacts.org/product/4061464738485/sprouted-7-gram-bread-simply-nature
Krokante muesli,,45 gram,,Germany,https://world.openfoodfacts.org/product/4065019138485/krokante-muesli
Bio Hafer Crunchy,REWE Frei von,,REWE,Germany,https://world.openfoodfacts.org/product/4337256692564/bio-hafer-crunchy-rewe-frei-von
Meisterkorn - Weizenmischbrot,"Aldi, Goldback, Goldähren",750 g,,Germany,https://world.openfoodfacts.org/product/4061462911552/meisterkorn-weizenmischbrot-aldi
Dinkeltoastbrötchen,REWE Beste Wahl,"6 x 55,83 = 335 g",REWE,Germany,https://world.openfoodfacts.org/product/4337256754705/dinkel-toastbrotchen-rewe-beste-wahl
Energie bar,enerBiO,45 g,Rossmann,Germany,https://world.openfoodfacts.org/product/4305615986463/superfoodriegel-energy-bar-enerbio
Spaghetti,Dorfmühle,500g,,Germany,https://world.openfoodfacts.org/product/4000398254043/spaghetti-dorfmuhle
Corny Chocolat Banane,Corny,,,Germany,https://world.openfoodfacts.org/product/4011800584511/corny-chocolat-banane
Haferflocken zartblatt,"Bauck Hof, Bauckhof",,,Germany,https://world.openfoodfacts.org/product/4015637003344/haferflocken-zartblatt-bauck-hof
Strawberry Caramel Toffee Porridge,"My muesli, mymuesli",45g,,Germany,https://world.openfoodfacts.org/product/4251680806482/strawberry-caramel-toffee-porridge-my-muesli
Arabisches Fladenbrot,Baked for you,5pcs,,Germany,https://world.openfoodfacts.org/product/4045996080151/arabisches-fladenbrot-baked-for-you
Bio Frucht Getreide Riegel Apfel Banane,Babylove,25g,,Germany,https://world.openfoodfacts.org/product/4066447114140/frucht-getreide-riegel-apfel-banane-babylove
Saucisse seitan,Koro,,,Germany,https://world.openfoodfacts.org/product/4255582802955/saucisse-seitan-koro
Pain complet seigle,Pema,,,Germany,https://world.openfoodfacts.org/product/4000358055796/pain-complet-seigle-pema
Arabisches Fladenbrot,Baked for you,330g,,Germany,https://world.openfoodfacts.org/product/4045996080274/arabisches-fladenbrot-baked-for-you
More cereals,More Nutrition,1pcs,,Germany,https://world.openfoodfacts.org/product/4255719300842/more-cereals-more-nutrition
Designer Whey Protein Cinnamon Cereal Flavour,ESN,30 gram,,Germany,https://world.openfoodfacts.org/product/4250519665542/designer-whey-protein-cinnamon-cereal-flavour-esn
Milchbrötchen,Kronenbrot,220 g,,Germany,https://world.openfoodfacts.org/product/4071800060460/milch-brotchen-kronenbrot
Crunchy muesli plus,Vitalis,,,Germany,https://world.openfoodfacts.org/product/4000521010294/crunchy-muesli-plus-vitalis
L'oven Fresh Bagel Skinnys,Aldi,13 oz,Aldi,Germany,https://world.openfoodfacts.org/product/4099100031218/l-oven-fresh-bagel-skinnys-aldi
,Cucina nobile,,,Germany,https://world.openfoodfacts.org/product/4099200014715/orecchiette-cucina-nobile
Penne Pasta glutenfrei,Dennree,,,Germany,https://world.openfoodfacts.org/product/4021851549803/penne-pasta-glutenfrei-dennree
Focaccia,"Aldi, Boboli Benelux, Cucina Nobile",330g (2 x 165g),,Germany,https://world.openfoodfacts.org/product/4061458180634/focaccia-aldi
Protein long chips sweet chili,Keine,,,Germany,https://world.openfoodfacts.org/product/4260630920895/protein-long-chips-sweet-chili-keine
,Pasta Bernbacher Bella Pasta,500g,,Germany,https://world.openfoodfacts.org/product/4000470043206/pasta-bernbacher-bella-pasta
Kräuter Baguette,Chef select,175g,Lidl,Germany,https://world.openfoodfacts.org/product/4056489224419/krauter-baguette-chef-select
Gnocchi an Blauschimmelkäse,Chef  Select  Feine Küche - LIDL,,Lidel,Germany,https://world.openfoodfacts.org/product/4056489242253/gnocchi-an-blauschimmelkase-chef-select-feine-kuche-lidl
Sun dried tomato,L’oven Fresh,15 oz,,Germany,https://world.openfoodfacts.org/product/4099100246414/sun-dried-tomato-l-oven-fresh
Haferdrinkpulver Kakao,"Share, Share (dm)",400g,,Germany,https://world.openfoodfacts.org/product/4260739990560/haferdrinkpulver-kakao-share
Pain complet de seigle,Modersohn’s,,,Germany,https://world.openfoodfacts.org/product/4002787002556/pain-complet-de-seigle-modersohn-s
Designer whey cinnamon cereal,Esn,,,Germany,https://world.openfoodfacts.org/product/4250519651729/designer-whey-cinnamon-cereal-esn
Vollkorn Basmati Reis,"Ener Bio, enerBio",500g,,Germany,https://world.openfoodfacts.org/product/4305615924342/vollkorn-basmati-reis-ener-bio
Limited Designer Whey Protein Whey Protein Complex Leon‘s Cereal,ESN,908g,,Germany,https://world.openfoodfacts.org/product/4250519659459/limited-designer-whey-protein-whey-protein-complex-leon-s-cereal-esn
Sonnenblumen Kernbrot,"Rewe, Rewe Beste Wahl",500g,Rewe,Germany,https://world.openfoodfacts.org/product/4337256111799/sonnenblumen-kernbrot-rewe
Flocons d’avoine sans gluten,DmBio,500g,,Germany,https://world.openfoodfacts.org/product/4066447505979/flocons-d-avoine-sans-gluten-dmbio
Original Oat sachets,Golden Yale,,,Germany,https://world.openfoodfacts.org/product/4061464439740/original-oat-sachets-golden-yale
12 grain bread,L’oven fresh,,,Germany,https://world.openfoodfacts.org/product/4061459284089/12-grain-bread-l-oven-fresh
Köln cereals Bits,Köln,,,Germany,https://world.openfoodfacts.org/product/4000540015119/koln-cereals-bits
Flavor powder honey cereal,ESN,,,Germany,https://world.openfoodfacts.org/product/4250519662640/flavor-powder-honey-cereal-esn
Enjoy Free Porridge banana,,65g,Aldi,Germany,https://world.openfoodfacts.org/product/4099200703398/enjoy-free-porridge-banana
Fiesta Quinoa,Seasons choice,12 oz,,Germany,https://world.openfoodfacts.org/product/4099100055399/fiesta-quinoa-seasons-choice
Croq’ soja  provençale,Céréal. Bio,,,Germany,https://world.openfoodfacts.org/product/4174196438650/croq-soja-provencale-cereal-bio
Pizza Bagels,Lidl,270 g,,Germany,https://world.openfoodfacts.org/product/4056489348931/pizza-bagels-lidl
Rigatoni,MAMMA LUCIA,,,Germany,https://world.openfoodfacts.org/product/4006196080426/rigatoni-mamma-lucia
ESN Whey Protein fruit cereal,ESN,,,Germany,https://world.openfoodfacts.org/product/4250519650708/esn-whey-protein-fruit-cereal
Alternative du pain sans gluten,,,,Germany,https://world.openfoodfacts.org/product/4260428950370/alternative-du-pain-sans-gluten
Galette Boulgour Sarrasin,Cereal bio,,,Germany,https://world.openfoodfacts.org/product/4235373086443/galette-boulgour-sarrasin-cereal-bio
Confiture fraise,Céréal,,,Germany,https://world.openfoodfacts.org/product/4010093000098/confiture-fraise-cereal
Barre muesli,Enjoy free,,,Germany,https://world.openfoodfacts.org/product/4061463698322/barre-muesli-enjoy-free
Crunchy Granola Clusters Oats and Honey,Golgenvale,,,Germany,https://world.openfoodfacts.org/product/4088700237762/crunchy-granola-clusters-oats-and-honey-golgenvale
Four cheese gnocchi,Priano,,,Germany,https://world.openfoodfacts.org/product/4061464575103/four-cheese-gnocchi-priano
Cinnamon cereal flavor,"ESN, Flav’n tasty ESN",,,Germany,https://world.openfoodfacts.org/product/4250519651330/cinnamon-cereal-flavor-esn
Designer Whey Protein Leon‘s Cereal,ESN,,,Germany,https://world.openfoodfacts.org/product/4250519661971/designer-whey-protein-leon-s-cereal-esn
Haselnuss müsli riegel,Kaufland classic,,,Germany,https://world.openfoodfacts.org/product/4008713713251/haselnuss-musli-riegel-kaufland-classic
Smores millville breakfast,Cocoa flavored cereal cinnamon,,Aldi,Germany,https://world.openfoodfacts.org/product/4061461802387/smores-millville-breakfast-cocoa-flavored-cereal-cinnamon
Cereal biscuits,,,,Germany,https://world.openfoodfacts.org/product/4061461580001/cereal-biscuits
Pan integral de molde sin corteza,Hacendado,450 g,Mercadona,Spain,https://world.openfoodfacts.org/product/8402001021541/pan-integral-de-molde-sin-vorteza-hacendado
100% Integral,Oroweat,550g,,Spain,https://world.openfoodfacts.org/product/8412600019870/100-integral-oroweat
Fruit Grain Cereal Bar Blueberry,Happy Valley,,,Spain,https://world.openfoodfacts.org/product/0842379191176/fruit-grain-cereal-bar-blueberry-happy-valley
Harina de maiz blanco,Mercadona,,,Spain,https://world.openfoodfacts.org/product/8402001020957/harina-de-maiz-blanco-mercadona
Simpson cacao cereal cookies,,,,Spain,https://world.openfoodfacts.org/product/8412674108050/simpson-cacao-cereal-cookies
Cereal,Cuquets,,,Spain,https://world.openfoodfacts.org/product/8480017212894/cereal-cuquets
Sandwich multi cereal  pollo bacon,,130 g,,Spain,https://world.openfoodfacts.org/product/8422388000861/sandwich-multi-cereal-pollo-bacon
Cereals,,,,Spain,https://world.openfoodfacts.org/product/8436607853077/cereals
Gran bauletto integrale,Mulino Bianco,465g,,Italy,https://world.openfoodfacts.org/product/8076809584074/gran-bauletto-integrale-mulino-bianco
Gallette di mais - Amo Essere Bio,Amo essere,130g,,Italy,https://world.openfoodfacts.org/product/8017596132574/gallette-di-mais-amo-essere-bio
Corn Flakes,Tre mulini,2 x 425 g,Eurospin,Italy,https://world.openfoodfacts.org/product/8017596129765/corn-flames-tre-mulini
Gallette di farro,Conad,,Conad,Italy,https://world.openfoodfacts.org/product/8003170055315/gallette-di-farro-conad
Pane soffice con Farina integrale,CONAD,400,Conad,Italy,https://world.openfoodfacts.org/product/8003170064768/pane-soffice-con-farina-integrale-conad
High Protein Cereal Bar,Magic Spoon,,,Italy,https://world.openfoodfacts.org/product/0810104460279/high-protein-cereal-bar-magic-spoon
Fusilli,Barilla,,,Italy,https://world.openfoodfacts.org/product/8076809579872/fusilli-barilla
Trofie,"GR.A.M.M., Meliora",,,Italy,https://world.openfoodfacts.org/product/8017070772425/trofie-gr-a-m-m
Muesli naturalix,Vitalibre,750g,,Italy,https://world.openfoodfacts.org/product/8033520548778/muesli-naturalix-vitalibre
Piada classica,Ster,,,Italy,https://world.openfoodfacts.org/product/8001551080031/piada-classica-ster
Tagliatelle 500g Barilla,Barilla norge,500 g,,Italy,https://world.openfoodfacts.org/product/8076809580731/tagliatelle-500g-barilla-barilla-norge
Multicereali  vaniglia e cioccolato,Pam panorama bio,,,Italy,https://world.openfoodfacts.org/product/8004263681923/multicereali-vaniglia-e-cioccolato-pam-panorama-bio
Tagliolini,Giovanni Rana,,,Italy,https://world.openfoodfacts.org/product/8001665700474/tagliolini-giovanni-rana
Boulgour au naturel,Cereal bio,,,Italy,https://world.openfoodfacts.org/product/8151681018210/boulgour-au-naturel-cereal-bio
Knäckebrot,Schär,100 gram,,Italy,https://world.openfoodfacts.org/product/8008698034125/knackebrot-schar
Galette  de céréales orge chèvre et miel,Céréal bio,,,Italy,https://world.openfoodfacts.org/product/8151681708074/galette-de-cereales-orge-chevre-et-miel-cereal-bio
Riso Basmati,Carrefour BIO,500 g,Carrefour,Italy,https://world.openfoodfacts.org/product/8012666053056/riso-basmati-carrefour-bio
Penne farro,Poggio del Farro,,,Italy,https://world.openfoodfacts.org/product/8033413343053/penne-farro-poggio-del-farro
Piadina romagnola IGP la spessa,Riccione Piadina,,,Italy,https://world.openfoodfacts.org/product/8020926000351/piadina-romagnola-igp-la-spessa-riccione-piadina
Polenta ai porcini,"Cascina Belvedere, Sapori d'Italia",,,Italy,https://world.openfoodfacts.org/product/8032542749750/polenta-ai-porcini-cascina-belvedere
Beans,Cereal terra,,,Italy,https://world.openfoodfacts.org/product/8024336014458/beans-cereal-terra
Ciambelle al vino rosso - ciardi - ciardi,Ciardi,,,Italy,https://world.openfoodfacts.org/product/8008947500357/ciambelle-al-vino-rosso-ciardi-ciardi
Palline di mais al cacao,Benesì,250,,Italy,https://world.openfoodfacts.org/product/8001120699312/palline-di-mais-al-cacao-benesi
Riz long,Victoria,5 kg,,Italy,https://world.openfoodfacts.org/product/8000483155084/riz-long-victoria
Riz complet mélangé à grains longs,Gli Aironi,,,Italy,https://world.openfoodfacts.org/product/8027498011556/riz-complet-melange-a-grains-longs-gli-aironi
Rigatoni Romani Selezione Oro,Barilla,85.0g,,Italy,https://world.openfoodfacts.org/product/8076809528092/rigatoni-romani-selezione-oro-barilla
Farine,Agugiaro&Figna,,,Italy,https://world.openfoodfacts.org/product/8028630090538/farine-agugiaro-figna
Risotto alla Zucca,Cascina Belvedere,,,Italy,https://world.openfoodfacts.org/product/8032542740177/risotto-alla-zucca-cascina-belvedere
Caramelle al cioccolato,"Il Panettiere di Dambrosio, Panificio Giannini",,,Italy,https://world.openfoodfacts.org/product/8033315690859/caramelle-al-cioccolato-il-panettiere-di-dambrosio
Piada,"Sapore del grano, Ster",,,Italy,https://world.openfoodfacts.org/product/8001551081106/piada-sapore-del-grano
Pomodori secchi,"Ape  Gaia, Cereal terra",,,Italy,https://world.openfoodfacts.org/product/8024336015264/pomodori-secchi-ape-gaia
Pâtes bio complètes riz,Castagno,,,Italy,https://world.openfoodfacts.org/product/8013885050857/pates-bio-completes-riz-castagno
Gressins,Mario Fongo,,,Italy,https://world.openfoodfacts.org/product/8028947010137/gressins-mario-fongo
Super Grissini,Vitavigor,,,Italy,https://world.openfoodfacts.org/product/8007900302656/super-grissini-vitavigor
Overnight oats,Isola Bio,,,Italy,https://world.openfoodfacts.org/product/8023678730095/overnight-oats-isola-bio
Stelline bio intégrale,Rummo,,,Italy,https://world.openfoodfacts.org/product/8008343700221/stelline-bio-integrale-rummo
Overnight oats,Isola Bio,,,Italy,https://world.openfoodfacts.org/product/8023678730118/overnight-oats-isola-bio
Linguine bio,Bio,,,Italy,https://world.openfoodfacts.org/product/8055681052994/linguine-bio
Gnocchi,Eataly,,,Italy,https://world.openfoodfacts.org/product/8009344100324/gnocchi-eataly
Pad thaï,Cereal bio,,,Italy,https://world.openfoodfacts.org/product/8371259586518/pad-thai-cereal-bio
Mushroom risotto,Poggio del Farro,,,Italy,https://world.openfoodfacts.org/product/8033413342261/mushroom-risotto-poggio-del-farro
Zuppa di Farro e Ortiche,Cereal Terra,,,Italy,https://world.openfoodfacts.org/product/8024336014441/zuppa-di-farro-e-ortiche-cereal-terra
Quality sushi rice,Curtiriso,,,Italy,https://world.openfoodfacts.org/product/8017759647136/quality-sushi-rice-curtiriso
Grossi ni,Panequaglia,,,Italy,https://world.openfoodfacts.org/product/8033413621021/grossi-ni-panequaglia
Riso Roma,Riso della Sardegna,,,Italy,https://world.openfoodfacts.org/product/8001718001633/riso-roma-riso-della-sardegna
Pane bianco,Semenzato,,,Italy,https://world.openfoodfacts.org/product/8006227000399/pane-bianco-semenzato
Sablés,Céréal Bio,,,Italy,https://world.openfoodfacts.org/product/8298361060524/sables-cereal-bio
Galette boulgour et sarrasin,Céréal BIO,,,Italy,https://world.openfoodfacts.org/product/8056011799893/galette-boulgour-et-sarrasin-cereal-bio
Crescia sfogliata,Il panaro,370 g,,Italy,https://world.openfoodfacts.org/product/8030710044461/crescia-sfogliata-il-panaro
Focaccia,,,,Italy,https://world.openfoodfacts.org/product/8057288192271/focaccia
Frootie Cereal Flavored Protein,Precision Protein,,,Italy,https://world.openfoodfacts.org/product/0811836026757/frootie-cereal-flavored-protein-precision-protein
Riso,"La Sceleira, Riso",,,Italy,https://world.openfoodfacts.org/product/8008730009074/riso-la-sceleira
Insalata di cereali,Cereal terra,,,Italy,https://world.openfoodfacts.org/product/8024336001090/insalata-di-cereali-cereal-terra
Vellutata di fave,Cereal Terra,,,Italy,https://world.openfoodfacts.org/product/8024336005982/vellutata-di-fave-cereal-terra
Porcini lasagna,Cereal terra,,,Italy,https://world.openfoodfacts.org/product/8024336014533/porcini-lasagna-cereal-terra
Barra cereal cocada,,,,Italy,https://world.openfoodfacts.org/product/0822830849365/barra-cereal-cocada
Crescentine per tigelle,La pasta di Celestino,,,Italy,https://world.openfoodfacts.org/product/8032603790011/crescentine-per-tigelle-la-pasta-di-celestino
,Double Panda,1 kg,,Netherlands,https://world.openfoodfacts.org/product/8719992967360/riz-japonais-sushi-rice-double-panda
Robuust volkoren broodjes,Albert Heijn,80 gram,Albert Heijn,Netherlands,https://world.openfoodfacts.org/product/8718907108126/robuust-volkoren-broodjes-albert-heijn
Choco shels,Gwoon,,,Netherlands,https://world.openfoodfacts.org/product/8710624338046/choco-shels-gwoon
Tokimeki bread,Tokimeki,70 g,,Netherlands,https://world.openfoodfacts.org/product/8717624008221/tokimeki-bread
Cruesli 4 nuts,Quaker,,,Netherlands,https://world.openfoodfacts.org/product/8710398530615/cruesli-4-nuts-quaker
Granola ultimate organic,Rude health,500 gram,Ekoplaza,Netherlands,https://world.openfoodfacts.org/product/5060120281203/granola-ultimate-organic-rude-health
Horizon Tahin,Horizon,350 g,Ekoplaza,Netherlands,https://world.openfoodfacts.org/product/8712439011404/horizon-tahin
Ciabattina's,Albert Heijn,150g,Albert Heijn,Netherlands,https://world.openfoodfacts.org/product/8718265467736/panini-albert-heijn
Aardappelbolletjes,Gwoon,600 g,,Netherlands,https://world.openfoodfacts.org/product/8710624227067/aardappelbolletjes-gwoon
Nan garlic,TERRASANA,,,Netherlands,https://world.openfoodfacts.org/product/8713576003123/nan-garlic-terrasana
Protein nuts & caramel,B'tween,,,Netherlands,https://world.openfoodfacts.org/product/8713500013280/protein-nuts-caramel-b-tween
Koolhydraat Verlaagd Brood,De Hollandse Bakker,,,Netherlands,https://world.openfoodfacts.org/product/8718164667596/koolhydraat-verlaagd-brood-de-hollandse-bakker
Picos,Action,,,Netherlands,https://world.openfoodfacts.org/product/8718247444168/picos-action
Cornflakes estaladiços,,,,Portugal,https://world.openfoodfacts.org/product/5604321030033/cornflakes-estaladicos
Tortitas de arroz integral con quinoa,Continente,,Continente,Portugal,https://world.openfoodfacts.org/product/5601312075332/tortitas-de-arroz-integral-con-quinoa-continente
Barra de Cereais Zero Açúcares,Nacional,,,Portugal,https://world.openfoodfacts.org/product/5601066602150/barra-de-cereais-zero-acucares-nacional
Porridge,Prozis,,,Portugal,https://world.openfoodfacts.org/product/5600961157789/porridge-prozis
Wraps banana,Prozis,5 x 40 g,,Portugal,https://world.openfoodfacts.org/product/5600961123579/wraps-banana-prozis
Seitan,Seara,,,Portugal,https://world.openfoodfacts.org/product/5600341931244/seitan-seara
Fruit Granola,One day more,,,Poland,https://world.openfoodfacts.org/product/5902884465850/fruit-granola-one-day-more
Barre céréales,Nestlé,"23,5 g",,Poland,https://world.openfoodfacts.org/product/5900020041333/barre-cereales-nestle
Kasza gryczana prażona,,400 g,,Poland,https://world.openfoodfacts.org/product/5906827022605/kasza-gryczana-pra%C5%BCona
Tortilla wraps,Dijo,,,Poland,https://world.openfoodfacts.org/product/5900928002764/tortilla-wraps-dijo
Chia,Melvit,,,Poland,https://world.openfoodfacts.org/product/5906827015737/chia-melvit
Corn Flakes Honey And Nut,Nestle,,,Poland,https://world.openfoodfacts.org/product/5900020038616/corn-flakes-honey-and-nut-nestle
Nestle Fitnss Crnchy Carmel Bar,Fitness,23.5 gm,,Poland,https://world.openfoodfacts.org/product/5900020030276/nestle-fitnss-crnchy-carmel-bar-fitness
Fitos Smietana & cebula,Kupiec,,,Poland,https://world.openfoodfacts.org/product/5906747176556/fitos-smietana-cebula-kupiec
Granola z kawałkami czekolady,Promienie stońca,,,Poland,https://world.openfoodfacts.org/product/5907517586742/granola-z-kawa%C5%82kami-czekolady-promienie-sto%C5%84ca
Red Berries Breakfast Cereal Bar,Fitnesse,,,Poland,https://world.openfoodfacts.org/product/5900020037190/red-berries-breakfast-cereal-bar-fitnesse
Honey Cereal Bar,Cheerios,,,Poland,https://world.openfoodfacts.org/product/5900020037657/honey-cereal-bar-cheerios
Cinnamon cereal pillows,,,,Poland,https://world.openfoodfacts.org/product/5907713374044/cinnamon-cereal-pillows
Corn Crispbread,Tovago,,,Poland,https://world.openfoodfacts.org/product/5901534000205/corn-crispbread-tovago
Sweet corn,Heinz,,,Poland,https://world.openfoodfacts.org/product/5900783009427/sweet-corn-heinz
Cookies Cereal,Ostrovit,,,Poland,https://world.openfoodfacts.org/product/5903933907031/cookies-cereal-ostrovit
Havrefras,Orkla,600g,,Sweden,https://world.openfoodfacts.org/product/7311171008393/havrefras-orkla
Corn Flakes,ICA,500 g,,Sweden,https://world.openfoodfacts.org/product/7310751191050/corn-flakes-ica
,"Havrefras, Orkla Foods",300 g,,Sweden,https://world.openfoodfacts.org/product/7350126084389/havrefras
Västkustchips - havssalt,Estrella,180g,,Sweden,https://world.openfoodfacts.org/product/7310532103623/vastkustchips-havssalt-estrella
Mezze Maniche,Zeta,400g,,Sweden,https://world.openfoodfacts.org/product/7350002404546/mezze-maniche-zeta
Havsalt chips,Taffel,,,Sweden,https://world.openfoodfacts.org/product/7310532103142/havsalt-chips-taffel
Ugnsbakade chips - sourcream & onion,Estrella,,,Sweden,https://world.openfoodfacts.org/product/7310532302002/ugnsbakade-chips-sourcream-onion-estrella
Pain aux  céréales,Bageriet,,,Sweden,https://world.openfoodfacts.org/product/7392228004001/pain-aux-cereales-bageriet
"Müsli - 50% Frukt, nötter och frön",Ica,750 g,,Sweden,https://world.openfoodfacts.org/product/7318690054160/musli-50-frukt-notter-och-fron-ica
Müsli,Anglamark,,,Sweden,https://world.openfoodfacts.org/product/7300156580580/musli-anglamark
Knäcke Sesam,WASA,,,Sweden,https://world.openfoodfacts.org/product/7300400855105/knacke-sesam-wasa
Eko-Logiskt Basmati Ris,Eko-Logiskt,,,Sweden,https://world.openfoodfacts.org/product/7331746284915/eko-logiskt-basmati-ris
Rustik limpa,,,,Sweden,https://world.openfoodfacts.org/product/7310100558718/rustik-limpa
Protein Cereal Bar,Youthful Living,,,Sweden,https://world.openfoodfacts.org/product/0737186886387/protein-cereal-bar-youthful-living
